<!DOCTYPE html>
<html data-n-head="" data-n-head-ssr>
  <head>
    <meta data-n-head="true" charset="utf-8"><meta data-n-head="true" content="width=device-width,initial-scale=1" name="viewport"><meta data-n-head="true" content="彩票开奖网是彩种最全、开奖最快的专业彩票开奖网。提供最新快3,时时彩,PK10,双色球,大乐透等热门彩票开奖信息,走势图,数据分析,彩票历史开奖号码,彩票资讯等一体化服务。" name="description" data-hid="description"><meta data-n-head="true" content="彩票开奖网,彩票,开奖网,软件,走势,数据分析,开奖结果查询,开奖号码,走势图" name="keyword" data-hid="keyword"><title data-n-head="true">彩票开奖网</title><link href="/CB.ico?v=1" rel="icon" data-n-head="true" type="image/x-icon"><link href="/_nuxt/app.e2e7c96ed4fea1f5058a3a7cdf600baa.css" rel="stylesheet">
  </head>
  <body data-n-head="">
    <div id="__nuxt" data-server-rendered="true"><div class="nuxt-progress" style="width:0%;height:5px;background-color:#ff6d3d;opacity:0"></div><div id="__layout"><div><!----><div><div><nav id="lotteryNavBar" data-v-7fe6592a><div class="navBar item3" style="position:relative" data-v-7fe6592a><div data-v-7fe6592a><div class="navItem3" data-v-7fe6592a><a href="/history/K3/OG1K3/" class="nuxt-link-exact-active nuxt-link-active nuxt-link-exact-active nuxt-link-active" data-v-7fe6592a>开奖历史</a></div><div class="navItem3" data-v-7fe6592a><a href="/zoushi/K3/OG1K3/haomazs/" data-v-7fe6592a>基本走势</a></div><div class="navItem3" data-v-7fe6592a><a href="/zoushi/K3/OG1K3/dinweizs/" data-v-7fe6592a>定位走势</a></div><!----><!----><!----><!----><!----><!----><!----><div style="position:relative" data-v-7fe6592a><div class="turnDown2 navOpen" style="top:20%;right:-2%" data-v-7fe6592a></div></div></div></div><!----></nav><div class="scrollContent" id="scrollContainer"><div class="history"><div class="wrapTime clearfix"></div><div class="selectTime" id="showTimeBox"><span id="showTime"></span></div><div id="datePlugin"></div></div><div class="wrapInfo" data-v-2e1d3b04><div class="name clearfix" data-v-2e1d3b04><div style="width:15%" data-v-2e1d3b04>时间</div><div style="width:20%" data-v-2e1d3b04>期数</div><div class="number" style="width:21%;padding-right:1rem" data-v-2e1d3b04>号码</div><div class="size" style="width:21%;padding-right:3px" data-v-2e1d3b04>大小/单双</div><div class="isdouble" style="width:15%" data-v-2e1d3b04>鱼虾蟹</div></div><p align="Center" style="color:red;display:none" data-v-2e1d3b04>休市<div class="noContent" style="display:none" data-v-2e1d3b04><div class="iconLoadingCon" style="transform:scale(.6)"></div></div></div></div></div></div><!----><div class="noticeFiexedTop">
    网络不稳定，开奖结果会有延迟，请稍待！
  </div><div id="toastBox"><div></div></div></div></div></div><script type="text/javascript">window.__NUXT__={layout:"default",data:[{}],error:null,state:{history:{showTodaySided:!1,showLongGRemind:!1,showNumAnalysis:!1,showZoushiList:!1,showHmfb:!1,display:!0,loading:!0,soundSelect:0,nowTime:[],voiceFlag:!1,AllLotteryRecord:[],newLotteryRecord:{},doubleStatistics:{},currentDate:[],CurRecord:[],RecordLock:!1,CurRecordLength:0,actions:{},mutations:{}},signalR:{connectionState:null,demoData:null,ConnectionStatus:!1,GroupName:"CB",actions:{},mutation:{},types:{}},site:{lotteryList:{GB1K3:{gameID:"GB1K3",gameType:"K3",gameSort:"High",gameName:"1分快3",issueTotal:1440},GB3K3:{gameID:"GB3K3",gameType:"K3",gameSort:"High",gameName:"3分快3",issueTotal:480},GB5K3:{gameID:"GB5K3",gameType:"K3",gameSort:"High",gameName:"5分快3",issueTotal:288},GB10K3:{gameID:"GB10K3",gameType:"K3",gameSort:"High",gameName:"10分快3",issueTotal:144},CF1K3:{gameID:"CF1K3",gameType:"K3",gameSort:"High",gameName:"中福快3",issueTotal:1440},CF3K3:{gameID:"CF3K3",gameType:"K3",gameSort:"High",gameName:"中福3分快3",issueTotal:480},CF5K3:{gameID:"CF5K3",gameType:"K3",gameSort:"High",gameName:"中福5分快3",issueTotal:288},CF10K3:{gameID:"CF10K3",gameType:"K3",gameSort:"High",gameName:"中福10分快3",issueTotal:144},XY1K3:{gameID:"XY1K3",gameType:"K3",gameSort:"High",gameName:"1分快3",issueTotal:1440},XY3K3:{gameID:"XY3K3",gameType:"K3",gameSort:"High",gameName:"3分快3",issueTotal:480},XY5K3:{gameID:"XY5K3",gameType:"K3",gameSort:"High",gameName:"5分快3",issueTotal:288},XY10K3:{gameID:"XY10K3",gameType:"K3",gameSort:"High",gameName:"10分快3",issueTotal:144},FB1K3:{gameID:"FB1K3",gameType:"K3",gameSort:"High",gameName:"1分快3",issueTotal:1440},FB3K3:{gameID:"FB3K3",gameType:"K3",gameSort:"High",gameName:"3分快3",issueTotal:480},FB5K3:{gameID:"FB5K3",gameType:"K3",gameSort:"High",gameName:"5分快3",issueTotal:288},PH1K3:{gameID:"PH1K3",gameType:"K3",gameSort:"High",gameName:"1分快3",issueTotal:1440},PH15K3:{gameID:"PH15K3",gameType:"K3",gameSort:"High",gameName:"1.5分快3",issueTotal:960},PH3K3:{gameID:"PH3K3",gameType:"K3",gameSort:"High",gameName:"3分快3",issueTotal:480},PH5K3:{gameID:"PH5K3",gameType:"K3",gameSort:"High",gameName:"5分快3",issueTotal:288},PH10K3:{gameID:"PH10K3",gameType:"K3",gameSort:"High",gameName:"10分快3",issueTotal:144},OG1K3:{gameID:"OG1K3",gameType:"K3",gameSort:"High",gameName:"1分快3",issueTotal:1440},OG3K3:{gameID:"OG3K3",gameType:"K3",gameSort:"High",gameName:"3分快3",issueTotal:480},OG5K3:{gameID:"OG5K3",gameType:"K3",gameSort:"High",gameName:"5分快3",issueTotal:288},OG10K3:{gameID:"OG10K3",gameType:"K3",gameSort:"High",gameName:"10分快3",issueTotal:144},NE1K3:{gameID:"NE1K3",gameType:"K3",gameSort:"High",gameName:"1分快3",issueTotal:1440},NE3K3:{gameID:"NE3K3",gameType:"K3",gameSort:"High",gameName:"3分快3",issueTotal:480},NE5K3:{gameID:"NE5K3",gameType:"K3",gameSort:"High",gameName:"5分快3",issueTotal:288},NE10K3:{gameID:"NE10K3",gameType:"K3",gameSort:"High",gameName:"10分快3",issueTotal:144},CF1FFC:{gameID:"CF1FFC",gameType:"SSC",gameSort:"High",gameName:"中福时时彩",issueTotal:1440},CF10FFC:{gameID:"CF10FFC",gameType:"SSC",gameSort:"High",gameName:"中福10分彩",issueTotal:144},CFXY1FFC:{gameID:"CFXY1FFC",gameType:"SSC",gameSort:"High",gameName:"幸运分分彩",issueTotal:1440},XY1FFC:{gameID:"XY1FFC",gameType:"SSC",gameSort:"High",gameName:"1分彩",issueTotal:1440},XY10FFC:{gameID:"XY10FFC",gameType:"SSC",gameSort:"High",gameName:"10分彩",issueTotal:144},PH1FFC:{gameID:"PH1FFC",gameType:"SSC",gameSort:"High",gameName:"1分彩",issueTotal:1440},PH15FFC:{gameID:"PH15FFC",gameType:"SSC",gameSort:"High",gameName:"1.5分彩",issueTotal:960},PH3FFC:{gameID:"PH3FFC",gameType:"SSC",gameSort:"High",gameName:"3分彩",issueTotal:480},PH5FFC:{gameID:"PH5FFC",gameType:"SSC",gameSort:"High",gameName:"5分彩",issueTotal:288},PH10FFC:{gameID:"PH10FFC",gameType:"SSC",gameSort:"High",gameName:"10分彩",issueTotal:144},FB1FFC:{gameID:"FB1FFC",gameType:"SSC",gameSort:"High",gameName:"1分彩",issueTotal:1440},JLFFC:{gameID:"JLFFC",gameType:"SSC",gameSort:"High",gameName:"1分彩",issueTotal:1440},OG15FFC:{gameID:"OG15FFC",gameType:"SSC",gameSort:"High",gameName:"1.5分彩",issueTotal:960},FB3FFC:{gameID:"FB3FFC",gameType:"SSC",gameSort:"High",gameName:"3分彩",issueTotal:480},FB5FFC:{gameID:"FB5FFC",gameType:"SSC",gameSort:"High",gameName:"5分彩",issueTotal:288},TSFFC:{gameID:"TSFFC",gameType:"SSC",gameSort:"High",gameName:"3分彩",issueTotal:480},TFFFC:{gameID:"TFFFC",gameType:"SSC",gameSort:"High",gameName:"5分彩",issueTotal:288},OG10FFC:{gameID:"OG10FFC",gameType:"SSC",gameSort:"High",gameName:"10分彩",issueTotal:144},NE1FFC:{gameID:"NE1FFC",gameType:"SSC",gameSort:"High",gameName:"1分彩",issueTotal:1440},NE15FFC:{gameID:"NE15FFC",gameType:"SSC",gameSort:"High",gameName:"1.5分彩",issueTotal:960},NE3FFC:{gameID:"NE3FFC",gameType:"SSC",gameSort:"High",gameName:"3分彩",issueTotal:480},NE5FFC:{gameID:"NE5FFC",gameType:"SSC",gameSort:"High",gameName:"5分彩",issueTotal:288},NE10FFC:{gameID:"NE10FFC",gameType:"SSC",gameSort:"High",gameName:"10分彩",issueTotal:144},TC1FFC:{gameID:"TC1FFC",gameType:"SSC",gameSort:"High",gameName:"腾讯时时彩",issueTotal:1440},TC15FFC:{gameID:"TC15FFC",gameType:"SSC",gameSort:"High",gameName:"腾讯1.5分彩",issueTotal:960},TC3FFC:{gameID:"TC3FFC",gameType:"SSC",gameSort:"High",gameName:"腾讯3分彩",issueTotal:480},TC5FFC:{gameID:"TC5FFC",gameType:"SSC",gameSort:"High",gameName:"腾讯5分彩",issueTotal:288},FB1LHC:{gameId:"FB1LHC",gameType:"LHC",gameSort:"High",gameName:"1分六合彩",issueTotal:1440},FB5LHC:{gameId:"FB5LHC",gameType:"LHC",gameSort:"High",gameName:"5分六合彩",issueTotal:288},OG1LHC:{gameId:"OG1LHC",gameType:"LHC",gameSort:"High",gameName:"1分六合彩",issueTotal:1440},OG3LHC:{gameId:"OG3LHC",gameType:"LHC",gameSort:"High",gameName:"3分六合彩",issueTotal:480},OG5LHC:{gameId:"OG5LHC",gameType:"LHC",gameSort:"High",gameName:"5分六合彩",issueTotal:288},OG10LHC:{gameId:"OG10LHC",gameType:"LHC",gameSort:"High",gameName:"10分六合彩",issueTotal:144},XY1LHC:{gameId:"XY1LHC",gameType:"LHC",gameSort:"High",gameName:"1分六合彩",issueTotal:1440},XY5LHC:{gameId:"XY5LHC",gameType:"LHC",gameSort:"High",gameName:"5分六合彩",issueTotal:288},XY10LHC:{gameId:"XY10LHC",gameType:"LHC",gameSort:"High",gameName:"10分六合彩",issueTotal:144},CF1LHC:{gameId:"CF1LHC",gameType:"LHC",gameSort:"High",gameName:"中福六合彩",issueTotal:1440},CF5LHC:{gameId:"CF5LHC",gameType:"LHC",gameSort:"High",gameName:"中福六合5分彩",issueTotal:288},CF10LHC:{gameId:"CF10LHC",gameType:"LHC",gameSort:"High",gameName:"中福六合10分彩",issueTotal:144},PH1LHC:{gameId:"PH1LHC",gameType:"LHC",gameSort:"High",gameName:"1分六合彩",issueTotal:1440},PH15LHC:{gameId:"PH15LHC",gameType:"LHC",gameSort:"High",gameName:"1.5分六合彩",issueTotal:960},PH3LHC:{gameId:"PH3LHC",gameType:"LHC",gameSort:"High",gameName:"3分六合彩",issueTotal:480},PH5LHC:{gameId:"PH5LHC",gameType:"LHC",gameSort:"High",gameName:"5分六合彩",issueTotal:288},PH10LHC:{gameId:"PH10LHC",gameType:"LHC",gameSort:"High",gameName:"10分六合彩",issueTotal:144},NE1LHC:{gameId:"NE1LHC",gameType:"LHC",gameSort:"High",gameName:"1分六合彩",issueTotal:1440},NE15LHC:{gameId:"NE15LHC",gameType:"LHC",gameSort:"High",gameName:"1.5分六合彩",issueTotal:960},NE3LHC:{gameId:"NE3LHC",gameType:"LHC",gameSort:"High",gameName:"3分六合彩",issueTotal:480},NE5LHC:{gameId:"NE5LHC",gameType:"LHC",gameSort:"High",gameName:"5分六合彩",issueTotal:288},NE10LHC:{gameId:"NE10LHC",gameType:"LHC",gameSort:"High",gameName:"10分六合彩",issueTotal:144},CF1PK10:{gameID:"CF1PK10",gameType:"BSC",gameSort:"High",gameName:"中福赛车",issueTotal:1440},CF10PK10:{gameID:"CF10PK10",gameType:"BSC",gameSort:"High",gameName:"中福10分赛车",issueTotal:144},XY1PK10:{gameID:"XY1PK10",gameType:"BSC",gameSort:"High",gameName:"1分赛車",issueTotal:1440},XY10PK10:{gameID:"XY10PK10",gameType:"BSC",gameSort:"High",gameName:"10分赛車",issueTotal:144},PH1PK10:{gameID:"PH1PK10",gameType:"BSC",gameSort:"High",gameName:"1分赛车",issueTotal:1440},PH15PK10:{gameID:"PH15PK10",gameType:"BSC",gameSort:"High",gameName:"1.5分赛车",issueTotal:960},PH3PK10:{gameID:"PH3PK10",gameType:"BSC",gameSort:"High",gameName:"3分赛车",issueTotal:480},PH5PK10:{gameID:"PH5PK10",gameType:"BSC",gameSort:"High",gameName:"5分赛车",issueTotal:288},PH10PK10:{gameID:"PH10PK10",gameType:"BSC",gameSort:"High",gameName:"10分赛车",issueTotal:144},FB1PK10:{gameID:"FB1PK10",gameType:"BSC",gameSort:"High",gameName:"1分赛车",issueTotal:1440},JLPK10:{gameID:"JLPK10",gameType:"BSC",gameSort:"High",gameName:"1分赛车",issueTotal:1440},OG15PK10:{gameID:"OG15PK10",gameType:"BSC",gameSort:"High",gameName:"1.5分赛车",issueTotal:960},FB3PK10:{gameID:"FB3PK10",gameType:"BSC",gameSort:"High",gameName:"3分赛车",issueTotal:480},FB5PK10:{gameID:"FB5PK10",gameType:"BSC",gameSort:"High",gameName:"5分赛车",issueTotal:288},TSPK10:{gameID:"TSPK10",gameType:"BSC",gameSort:"High",gameName:"3分赛车",issueTotal:480},TFPK10:{gameID:"TFPK10",gameType:"BSC",gameSort:"High",gameName:"5分赛车",issueTotal:288},OG10PK10:{gameID:"OG10PK10",gameType:"BSC",gameSort:"High",gameName:"10分赛车",issueTotal:144},OG15FT:{gameID:"OG15FT",gameType:"BSC",gameSort:"High",gameName:"疯狂飞艇",issueTotal:960},NE1PK10:{gameID:"NE1PK10",gameType:"BSC",gameSort:"High",gameName:"1分赛车",issueTotal:1440},NE15PK10:{gameID:"NE15PK10",gameType:"BSC",gameSort:"High",gameName:"1.5分赛车",issueTotal:960},NE3PK10:{gameID:"NE3PK10",gameType:"BSC",gameSort:"High",gameName:"3分赛车",issueTotal:480},NE5PK10:{gameID:"NE5PK10",gameType:"BSC",gameSort:"High",gameName:"5分赛车",issueTotal:288},NE10PK10:{gameID:"NE10PK10",gameType:"BSC",gameSort:"High",gameName:"10分赛车",issueTotal:144},FB111X5:{gameID:"FB111X5",gameType:"XX5",gameSort:"High",gameName:"1分11选5",issueTotal:1440},OG111X5:{gameID:"OG111X5",gameType:"XX5",gameSort:"High",gameName:"1分11选5",issueTotal:1440},OG1011X5:{gameID:"OG1011X5",gameType:"XX5",gameSort:"High",gameName:"10分11选5",issueTotal:144},CF111X5:{gameID:"CF111X5",gameType:"XX5",gameSort:"High",gameName:"中福11选5",issueTotal:1440},CF1011X5:{gameID:"CF1011X5",gameType:"XX5",gameSort:"High",gameName:"中福10分11选5",issueTotal:144},PH1011X5:{gameID:"PH1011X5",gameType:"XX5",gameSort:"High",gameName:"10分11选5",issueTotal:144},XY1011X5:{gameID:"XY1011X5",gameType:"XX5",gameSort:"High",gameName:"10分11选5",issueTotal:144},NE111X5:{gameID:"NE111X5",gameType:"XX5",gameSort:"High",gameName:"1分11选5",issueTotal:1440},NE1011X5:{gameID:"NE1011X5",gameType:"XX5",gameSort:"High",gameName:"10分11选5",issueTotal:144},OG1LK28:{gameID:"OG1LK28",gameType:"LK28",gameSort:"High",gameName:"1分幸运28",issueTotal:1440},CF1LK28:{gameID:"CF1LK28",gameType:"LK28",gameSort:"High",gameName:"中福幸运28",issueTotal:1440},XY1LK28:{gameID:"XY1LK28",gameType:"LK28",gameSort:"High",gameName:"1分幸运28",issueTotal:1440},NE1LK28:{gameID:"NE1LK28",gameType:"LK28",gameSort:"High",gameName:"1分幸运28",issueTotal:1440},BJPK10:{gameID:"BJPK10",gameType:"BSC",gameSort:"High",gameName:"北京赛车",issueTotal:44},XYFT:{gameID:"XYFT",gameType:"BSC",gameSort:"High",gameName:"幸运飞艇",issueTotal:180},AUXY10:{gameID:"AUXY10",gameType:"BSC",gameSort:"High",gameName:"澳洲幸运10",issueTotal:288},CQSSC:{gameID:"CQSSC",gameType:"SSC",gameSort:"High",gameName:"欢乐生肖",issueTotal:59},TJSSC:{gameID:"TJSSC",gameType:"SSC",gameSort:"High",gameName:"天津时时彩",issueTotal:84},XJSSC:{gameID:"XJSSC",gameType:"SSC",gameSort:"High",gameName:"新疆时时彩",issueTotal:48},TWFFC:{gameID:"TWFFC",gameType:"SSC",gameSort:"High",gameName:"台湾5分彩",issueTotal:203},AUXY5:{gameID:"AUXY5",gameType:"SSC",gameSort:"High",gameName:"澳洲幸运5",issueTotal:288},JSK3:{gameID:"JSK3",gameType:"K3",gameSort:"High",gameName:"江苏快3",issueTotal:41},JLK3:{gameID:"JLK3",gameType:"K3",gameSort:"High",gameName:"吉林快3",issueTotal:40},HEBK3:{gameID:"HEBK3",gameType:"K3",gameSort:"High",gameName:"河北快3",issueTotal:41},AHK3:{gameID:"AHK3",gameType:"K3",gameSort:"High",gameName:"安徽快3",issueTotal:40},HUBK3:{gameID:"HUBK3",gameType:"K3",gameSort:"High",gameName:"湖北快3",issueTotal:39},BJK3:{gameID:"BJK3",gameType:"K3",gameSort:"High",gameName:"北京快3",issueTotal:44},GXK3:{gameID:"GXK3",gameType:"K3",gameSort:"High",gameName:"广西快3",issueTotal:40},GSK3:{gameID:"GSK3",gameType:"K3",gameSort:"High",gameName:"甘肃快3",issueTotal:36},SHK3:{gameID:"SHK3",gameType:"K3",gameSort:"High",gameName:"上海快3",issueTotal:41},GZK3:{gameID:"GZK3",gameType:"K3",gameSort:"High",gameName:"贵州快3",issueTotal:39},GD11X5:{gameID:"GD11X5",gameType:"XX5",gameSort:"High",gameName:"广东11选5",issueTotal:42},SH11X5:{gameID:"SH11X5",gameType:"XX5",gameSort:"High",gameName:"上海11选5",issueTotal:45},JX11X5:{gameID:"JX11X5",gameType:"XX5",gameSort:"High",gameName:"江西11选5",issueTotal:42},JS11X5:{gameID:"JS11X5",gameType:"XX5",gameSort:"High",gameName:"江苏11选5",issueTotal:41},SD11X5:{gameID:"SD11X5",gameType:"XX5",gameSort:"High",gameName:"山东11选5",issueTotal:43},HLJ11X5:{gameID:"HLJ11X5",gameType:"XX5",gameSort:"High",gameName:"黑龙江11选5",issueTotal:88},XJ11X5:{gameID:"XJ11X5",gameType:"XX5",gameSort:"High",gameName:"新疆11选5",issueTotal:97},BJKL8:{gameID:"BJKL8",gameType:"KL8",gameSort:"High",gameName:"北京快乐8",issueTotal:179},TWBINGO:{gameID:"TWBINGO",gameType:"KL8",gameSort:"High",gameName:"台湾宾果",issueTotal:203},XGLHC:{gameID:"XGLHC",gameType:"LHC",gameSort:"HongKong",gameName:"六合彩",issueTotal:1},MOLHC:{gameID:"MOLHC",gameType:"LHC",gameSort:"HongKong",gameName:"澳门六合彩",issueTotal:1},LK28:{gameID:"LK28",gameType:"LK28",gameSort:"High",gameName:"幸运28",issueTotal:179},QQFFC:{gameID:"QQFFC",gameType:"QQC",gameSort:"High",gameName:"QQ分分彩",issueTotal:1440},CTGB1K3:{gameID:"CTGB1K3",gameType:"K3",gameSort:"High",gameName:"传统1分快3",issueTotal:1440},CTGB3K3:{gameID:"CTGB3K3",gameType:"K3",gameSort:"High",gameName:"传统3分快3",issueTotal:480},CTGB5K3:{gameID:"CTGB5K3",gameType:"K3",gameSort:"High",gameName:"传统5分快3",issueTotal:288},CTGB10K3:{gameID:"CTGB10K3",gameType:"K3",gameSort:"High",gameName:"传统10分快3",issueTotal:144},CTFB1K3:{gameID:"CTFB1K3",gameType:"K3",gameSort:"High",gameName:"传统1分快3",issueTotal:1440},CTFB3K3:{gameID:"CTFB3K3",gameType:"K3",gameSort:"High",gameName:"传统3分快3",issueTotal:480},CTFB5K3:{gameID:"CTFB5K3",gameType:"K3",gameSort:"High",gameName:"传统5分快3",issueTotal:288},CTOG1K3:{gameID:"CTOG1K3",gameType:"K3",gameSort:"High",gameName:"传统1分快3",issueTotal:1440},CTPH1K3:{gameID:"CTPH1K3",gameType:"K3",gameSort:"High",gameName:"传统1分快3",issueTotal:1440},CTOG3K3:{gameID:"CTOG3K3",gameType:"K3",gameSort:"High",gameName:"传统3分快3",issueTotal:480},CTOG5K3:{gameID:"CTOG5K3",gameType:"K3",gameSort:"High",gameName:"传统5分快3",issueTotal:288},CTOG10K3:{gameID:"CTOG10K3",gameType:"K3",gameSort:"High",gameName:"传统10分快3",issueTotal:144},CTCF1K3:{gameID:"CTCF1K3",gameType:"K3",gameSort:"High",gameName:"传统中福快3",issueTotal:1440},CTCF3K3:{gameID:"CTCF3K3",gameType:"K3",gameSort:"High",gameName:"传统中福3分快3",issueTotal:480},CTCF5K3:{gameID:"CTCF5K3",gameType:"K3",gameSort:"High",gameName:"传统中福5分快3",issueTotal:288},CTCF10K3:{gameID:"CTCF10K3",gameType:"K3",gameSort:"High",gameName:"传统中福10分快3",issueTotal:144},CTXY1K3:{gameID:"CTXY1K3",gameType:"K3",gameSort:"High",gameName:"传统1分快3",issueTotal:1440},CTXY3K3:{gameID:"CTXY3K3",gameType:"K3",gameSort:"High",gameName:"传统3分快3",issueTotal:480},CTXY5K3:{gameID:"CTXY5K3",gameType:"K3",gameSort:"High",gameName:"传统5分快3",issueTotal:288},CTXY10K3:{gameID:"CTXY10K3",gameType:"K3",gameSort:"High",gameName:"传统10分快3",issueTotal:144},CTPH10K3:{gameID:"CTPH10K3",gameType:"K3",gameSort:"High",gameName:"传统10分快3",issueTotal:144},CTNE1K3:{gameID:"CTNE1K3",gameType:"K3",gameSort:"High",gameName:"传统1分快3",issueTotal:1440},CTNE3K3:{gameID:"CTNE3K3",gameType:"K3",gameSort:"High",gameName:"传统3分快3",issueTotal:480},CTNE5K3:{gameID:"CTNE5K3",gameType:"K3",gameSort:"High",gameName:"传统5分快3",issueTotal:288},CTNE10K3:{gameID:"CTNE10K3",gameType:"K3",gameSort:"High",gameName:"传统10分快3",issueTotal:144},CTFB1SSC:{gameID:"CTFB1SSC",gameType:"SSC",gameSort:"High",gameName:"传统1分彩",issueTotal:1440},CTOG1SSC:{gameID:"CTOG1SSC",gameType:"SSC",gameSort:"High",gameName:"传统1分彩",issueTotal:1440},CTPH1SSC:{gameID:"CTPH1SSC",gameType:"SSC",gameSort:"High",gameName:"传统1分彩",issueTotal:1440},CTOG15FFC:{gameID:"CTOG15FFC",gameType:"SSC",gameSort:"High",gameName:"传统1.5分彩",issueTotal:960},CTOG10FFC:{gameID:"CTOG10FFC",gameType:"SSC",gameSort:"High",gameName:"传统10分彩",issueTotal:144},CTCF1SSC:{gameID:"CTCF1SSC",gameType:"SSC",gameSort:"High",gameName:"传统中福时时彩",issueTotal:1440},CTCF10FFC:{gameID:"CTCF10FFC",gameType:"SSC",gameSort:"High",gameName:"传统中福10分彩",issueTotal:144},CTXY1SSC:{gameID:"CTXY1SSC",gameType:"SSC",gameSort:"High",gameName:"传统1分彩",issueTotal:1440},CTXY10FFC:{gameID:"CTXY10FFC",gameType:"SSC",gameSort:"High",gameName:"传统10分彩",issueTotal:144},CTPH10FFC:{gameID:"CTPH10FFC",gameType:"SSC",gameSort:"High",gameName:"传统10分彩",issueTotal:144},CTNE1FFC:{gameID:"CTNE1FFC",gameType:"SSC",gameSort:"High",gameName:"传统1分彩",issueTotal:1440},CTNE15FFC:{gameID:"CTNE15FFC",gameType:"SSC",gameSort:"High",gameName:"传统1.5分彩",issueTotal:960},CTNE10FFC:{gameID:"CTNE10FFC",gameType:"SSC",gameSort:"High",gameName:"传统10分彩",issueTotal:144},CTFB1BSC:{gameID:"CTFB1BSC",gameType:"BSC",gameSort:"High",gameName:"传统1分赛车",issueTotal:1440},CTPH1BSC:{gameID:"CTPH1BSC",gameType:"BSC",gameSort:"High",gameName:"传统1分赛车",issueTotal:1440},CTOG1BSC:{gameID:"CTOG1BSC",gameType:"BSC",gameSort:"High",gameName:"传统1分赛车",issueTotal:1440},CTOG15PK10:{gameID:"CTOG15PK10",gameType:"BSC",gameSort:"High",gameName:"传统1.5分赛车",issueTotal:960},CTFB3BSC:{gameID:"CTFB3BSC",gameType:"BSC",gameSort:"High",gameName:"传统3分赛车",issueTotal:480},CTFB5BSC:{gameID:"CTFB5BSC",gameType:"BSC",gameSort:"High",gameName:"传统5分赛车",issueTotal:288},CTOG3BSC:{gameID:"CTOG3BSC",gameType:"BSC",gameSort:"High",gameName:"传统3分赛车",issueTotal:480},CTOG5BSC:{gameID:"CTOG5BSC",gameType:"BSC",gameSort:"High",gameName:"传统5分赛车",issueTotal:288},CTOG10PK10:{gameID:"CTOG10PK10",gameType:"BSC",gameSort:"High",gameName:"传统10分赛车",issueTotal:144},CTCF1BSC:{gameID:"CTCF1BSC",gameType:"BSC",gameSort:"High",gameName:"传统中福赛车",issueTotal:1440},CTCF3BSC:{gameID:"CTCF3BSC",gameType:"BSC",gameSort:"High",gameName:"传统中福3分赛车",issueTotal:480},CTCF5BSC:{gameID:"CTCF5BSC",gameType:"BSC",gameSort:"High",gameName:"传统中福5分赛车",issueTotal:288},CTCF10PK10:{gameID:"CTCF10PK10",gameType:"BSC",gameSort:"High",gameName:"传统中福10分赛车",issueTotal:144},CTXY1BSC:{gameID:"CTXY1BSC",gameType:"BSC",gameSort:"High",gameName:"传统1分赛车",issueTotal:1440},CTXY3BSC:{gameID:"CTXY3BSC",gameType:"BSC",gameSort:"High",gameName:"传统3分赛车",issueTotal:480},CTXY5BSC:{gameID:"CTXY5BSC",gameType:"BSC",gameSort:"High",gameName:"传统5分赛车",issueTotal:288},CTXY10PK10:{gameID:"CTXY10PK10",gameType:"BSC",gameSort:"High",gameName:"传统10分赛车",issueTotal:144},CTPH10PK10:{gameID:"CTPH10PK10",gameType:"BSC",gameSort:"High",gameName:"传统10分赛车",issueTotal:144},CTNE1PK10:{gameID:"CTNE1PK10",gameType:"BSC",gameSort:"High",gameName:"传统1分赛车",issueTotal:1440},CTNE15PK10:{gameID:"CTNE15PK10",gameType:"BSC",gameSort:"High",gameName:"传统1.5分赛车",issueTotal:960},CTNE3PK10:{gameID:"CTNE3PK10",gameType:"BSC",gameSort:"High",gameName:"传统3分赛车",issueTotal:480},CTNE5PK10:{gameID:"CTNE5PK10",gameType:"BSC",gameSort:"High",gameName:"传统5分赛车",issueTotal:288},CTNE10PK10:{gameID:"CTNE10PK10",gameType:"BSC",gameSort:"High",gameName:"传统10分赛车",issueTotal:144},CTOG15FT:{gameID:"CTOG15FT",gameType:"BSC",gameSort:"High",gameName:"传统疯狂飞艇",issueTotal:960},CFNN:{gameID:"CFNN",gameType:"NN",gameSort:"Chess",gameName:"中福万人牛牛",issueTotal:2880},CFGF:{gameID:"CFGF",gameType:"GF",gameSort:"Chess",gameName:"中福万人炸金花",issueTotal:1440},CFDT:{gameID:"CFDT",gameType:"DT",gameSort:"Chess",gameName:"中福万人龙虎",issueTotal:1440},CFRB:{gameID:"CFRB",gameType:"RB",gameSort:"Chess",gameName:"中福万人红黑",issueTotal:1440},CFTH:{gameID:"CFTH",gameType:"TH",gameSort:"Chess",gameName:"中福万人德扑",issueTotal:1440},OGNN:{gameID:"OGNN",gameType:"NN",gameSort:"Chess",gameName:"万人牛牛",issueTotal:2880},OGGF:{gameID:"OGGF",gameType:"GF",gameSort:"Chess",gameName:"万人炸金花",issueTotal:1440},OGDT:{gameID:"OGDT",gameType:"DT",gameSort:"Chess",gameName:"万人龙虎",issueTotal:1440},OGRB:{gameID:"OGRB",gameType:"RB",gameSort:"Chess",gameName:"万人红黑",issueTotal:1440},BASH:{gameID:"BASH",gameType:"SH",gameSort:"Chess",gameName:"决战梭哈",issueTotal:1440},OGTH:{gameID:"OGTH",gameType:"TH",gameSort:"Chess",gameName:"万人德扑",issueTotal:1440},OGSLM:{gameID:"OGSLM",gameType:"CPCP",gameSort:"Chess",gameName:"万人射龙门",issueTotal:1440},OGBJL:{gameID:"OGBJL",gameType:"BJL",gameSort:"Chess",gameName:"万人百家乐",issueTotal:1440},SLFKKL8:{gameID:"SLFKKL8",gameType:"KL8",gameSort:"Overseas",gameName:"斯洛伐克快乐8",issueTotal:227},SLFKFFC:{gameID:"SLFKFFC",gameType:"SSC",gameSort:"Overseas",gameName:"斯洛伐克5分彩",issueTotal:227}},lotteryConfig:[{lotteryClassName:"最愛彩",lotteryClassID:"Favorite",lotteryList:[]},{lotteryClassName:"六合彩",lotteryClassID:"LHC",lotteryList:[]},{lotteryClassName:"高频彩",lotteryClassID:"High",lotteryList:["OG1K3","OG3K3","OG5K3","OG10K3","JLFFC","OG15FFC","TSFFC","TFFFC","OG10FFC","TC1FFC","TC15FFC","TC3FFC","TC5FFC","JLPK10","OG15PK10","TSPK10","TFPK10","OG10PK10","OG15FT","OG111X5","OG1011X5","OG1LK28","BJPK10","XYFT","AUXY10","CQSSC","TJSSC","XJSSC","TWFFC","AUXY5","JSK3","JLK3","HEBK3","AHK3","HUBK3","BJK3","GXK3","GSK3","SHK3","GZK3","GD11X5","SH11X5","JX11X5","JS11X5","SD11X5","HLJ11X5","XJ11X5","BJKL8","TWBINGO","LK28","QQFFC","CTOG1K3","CTOG3K3","CTOG5K3","CTOG1SSC","CTOG15FFC","CTOG1BSC","CTOG15PK10","CTOG3BSC","CTOG5BSC","CTOG10PK10","CTOG15FT","OGNN","OGGF","OGDT","OGRB","BASH","OGTH","OGSLM","OGBJL","SLFKKL8","SLFKFFC"]},{lotteryClassName:"棋牌",lotteryClassID:"Chess",lotteryList:[]},{lotteryClassName:"境外彩",lotteryClassID:"Foreign",lotteryList:[]},{lotteryClassName:"全国彩",lotteryClassID:"National",lotteryList:[]}],isScroll:!1,lotteryCountDown:[],lotteryData:{},userData:{},showLSort:!1,currentSort:"All",headText:"",recordLink:"",serverTime:"",travelingTime:null,autoFixTimeNum:0,localTime:null,siteName:"彩票开奖网",currentSite:"CB",homeShowList:["OG1K3","OG3K3","OG5K3","OG10K3","JLFFC","OG15FFC","TSFFC","TFFFC","OG10FFC","TC1FFC","TC15FFC","TC3FFC","TC5FFC","JLPK10","OG15PK10","TSPK10","TFPK10","OG10PK10","OG15FT","OG111X5","OG1011X5","OG1LHC","OG5LHC","OG10LHC","OG1LK28","BJPK10","XYFT","AUXY10","CQSSC","TJSSC","XJSSC","TWFFC","AUXY5","JSK3","JLK3","HEBK3","AHK3","HUBK3","BJK3","GXK3","GSK3","SHK3","GZK3","GD11X5","SH11X5","JX11X5","JS11X5","SD11X5","HLJ11X5","XJ11X5","BJKL8","TWBINGO","XGLHC","MOLHC","LK28","QQFFC","OGNN","OGGF","OGDT","OGRB","BASH","OGTH","OGSLM","OGBJL"],highShowList:["OG1K3","OG3K3","OG5K3","OG10K3","JLFFC","OG15FFC","TSFFC","TFFFC","OG10FFC","TC1FFC","TC15FFC","TC3FFC","TC5FFC","JLPK10","OG15PK10","TSPK10","TFPK10","OG10PK10","OG15FT","OG111X5","OG1011X5","OG1LK28","BJPK10","XYFT","AUXY10","CQSSC","TJSSC","XJSSC","TWFFC","AUXY5","JSK3","JLK3","HEBK3","AHK3","HUBK3","BJK3","GXK3","GSK3","SHK3","GZK3","GD11X5","SH11X5","JX11X5","JS11X5","SD11X5","HLJ11X5","XJ11X5","BJKL8","TWBINGO","LK28","QQFFC"],TraditionalList:["CTOG1K3","CTOG3K3","CTOG5K3","CTOG10K3","CTOG1SSC","CTOG15FFC","CTOG10FFC","CTOG1BSC","CTOG15PK10","CTOG3BSC","CTOG5BSC","CTOG10PK10","CTOG15FT"],currentOT:0,sourceLottery:!1,actions:{},mutations:{},OverseasList:["SLFKKL8","SLFKFFC"],ChessShowList:["OGNN","OGGF","OGDT","OGRB","BASH","OGTH","OGSLM","OGBJL"]},zoushi:{allZoushiRecord:{},luzhufenxizhRank:{id:0},periodRank:0,dateRank:0,luzhufenxizhTab:0,luzhufenxizhShow:{id:1},luzhufenxizhData:{},doubleStatistics:{},currentDate:{},MarkSelection:[],MarkSelection2:[],MarkSelection3:[],checkOkAdd:!1,kindRank:0,actions:{},mutations:{}}},serverRendered:!0}</script><script defer src="/_nuxt/manifest.40719ef59a09703771ec.js"></script><script defer src="/_nuxt/vendor.b39fb9ac12006368ae15.js"></script><script defer src="/_nuxt/app.ac70e33562316f754a4e.js"></script>
  

